-- MySQL dump 10.13  Distrib 8.0.39, for Win64 (x86_64)
--
-- Host: localhost    Database: walmart
-- ------------------------------------------------------
-- Server version	8.0.39

/*!40101 SET @OLD_CHARACTER_SET_CLIENT=@@CHARACTER_SET_CLIENT */;
/*!40101 SET @OLD_CHARACTER_SET_RESULTS=@@CHARACTER_SET_RESULTS */;
/*!40101 SET @OLD_COLLATION_CONNECTION=@@COLLATION_CONNECTION */;
/*!50503 SET NAMES utf8mb4 */;
/*!40103 SET @OLD_TIME_ZONE=@@TIME_ZONE */;
/*!40103 SET TIME_ZONE='+00:00' */;
/*!40014 SET @OLD_UNIQUE_CHECKS=@@UNIQUE_CHECKS, UNIQUE_CHECKS=0 */;
/*!40014 SET @OLD_FOREIGN_KEY_CHECKS=@@FOREIGN_KEY_CHECKS, FOREIGN_KEY_CHECKS=0 */;
/*!40101 SET @OLD_SQL_MODE=@@SQL_MODE, SQL_MODE='NO_AUTO_VALUE_ON_ZERO' */;
/*!40111 SET @OLD_SQL_NOTES=@@SQL_NOTES, SQL_NOTES=0 */;

--
-- Table structure for table `categories`
--

DROP TABLE IF EXISTS `categories`;
/*!40101 SET @saved_cs_client     = @@character_set_client */;
/*!50503 SET character_set_client = utf8mb4 */;
CREATE TABLE `categories` (
  `CategoryID` int NOT NULL AUTO_INCREMENT,
  `CategoryName` varchar(100) NOT NULL,
  `Description` text,
  PRIMARY KEY (`CategoryID`)
) ENGINE=InnoDB AUTO_INCREMENT=99 DEFAULT CHARSET=utf8mb4 COLLATE=utf8mb4_0900_ai_ci;
/*!40101 SET character_set_client = @saved_cs_client */;

--
-- Dumping data for table `categories`
--

LOCK TABLES `categories` WRITE;
/*!40000 ALTER TABLE `categories` DISABLE KEYS */;
INSERT INTO `categories` VALUES (1,'Beverages','Soft drinks, coffees, teas, beers, and ales'),(2,'Condiments','Sweet and savory sauces, relishes, spreads, and seasonings'),(3,'Dairy Products','Cheeses, milk, and other dairy products'),(4,'Grains/Cereals','Breads, crackers, pasta, and cereal'),(5,'Produce','Fresh fruits and vegetables'),(6,'Meat/Poultry','Fresh and processed meat products'),(7,'Seafood','Fresh and frozen fish and seafood'),(8,'Confections','Desserts, candies, and sweet treats'),(9,'Snacks','Chips, popcorn, and nuts'),(10,'Frozen Foods','Frozen vegetables, fruits, and meals'),(11,'Baked Goods','Bread, cakes, and pastries'),(12,'Canned Goods','Canned fruits, vegetables, and soups'),(13,'Personal Care','Shampoos, soaps, and other personal care items'),(14,'Household Supplies','Cleaning supplies and paper products'),(15,'Pet Care','Pet food and accessories'),(16,'Baby Products','Diapers, baby food, and other baby products'),(17,'Baking Supplies','Flour, sugar, and other baking essentials'),(18,'Health Foods','Organic and health-focused food products'),(19,'Alcoholic Beverages','Wine, beer, and spirits'),(20,'Non-Alcoholic Beverages','Juices, soft drinks, and energy drinks'),(21,'International Foods','Foods from various international cuisines'),(22,'Pasta & Noodles','Dry and fresh pasta, noodles'),(23,'Rice & Grains','Rice, quinoa, and other grains'),(24,'Spices & Seasonings','Spices, herbs, and seasoning blends'),(25,'Dried Fruits & Nuts','Raisins, almonds, and other dried fruits and nuts'),(26,'Oils & Vinegars','Cooking oils, vinegar, and dressings'),(27,'Sauces & Marinades','Barbecue sauce, hot sauce, marinades'),(28,'Salad Dressings','Variety of salad dressings'),(29,'Breakfast Foods','Cereals, oatmeal, and breakfast bars'),(30,'Soups & Broths','Canned and boxed soups, broths'),(31,'Pasta Sauces','Tomato sauce, Alfredo sauce, pesto'),(32,'Salsas & Dips','Salsa, guacamole, and other dips'),(33,'Packaged Meals','Ready-to-eat meals and meal kits'),(34,'Jerky & Meat Snacks','Beef jerky, pork rinds, and other meat snacks'),(35,'Crackers & Rice Cakes','Variety of crackers and rice cakes'),(36,'Cookies & Biscuits','Packaged cookies and biscuits'),(37,'Candy & Chocolate','Variety of candies and chocolates'),(38,'Tea & Coffee','Tea bags, coffee grounds, and instant coffee'),(39,'Water & Sparkling Water','Bottled water, flavored water, sparkling water'),(40,'Energy Drinks','Energy drinks and sports drinks'),(41,'Juices','Fruit juices, vegetable juices'),(42,'Milk Alternatives','Soy milk, almond milk, oat milk'),(43,'Cheese','Variety of cheeses'),(44,'Yogurt & Pudding','Yogurt, pudding, and other dairy desserts'),(45,'Butter & Margarine','Butter, margarine, and other spreads'),(46,'Ice Cream & Frozen Desserts','Ice cream, frozen yogurt, and popsicles'),(47,'Prepared Salads','Packaged salads and salad kits'),(48,'Prepared Sandwiches','Packaged sandwiches and wraps'),(49,'Instant Noodles','Cup noodles, ramen, and other instant noodles'),(50,'Condiments & Sauces','Ketchup, mustard, mayonnaise, and other condiments'),(51,'Herbs & Spices','Dried herbs, spice blends, and seasoning powders'),(52,'Flours & Meals','Wheat flour, cornmeal, and specialty flours'),(53,'Sweeteners','Sugar, honey, syrups, and artificial sweeteners'),(54,'Jam & Preserves','Fruit jams, preserves, and spreads'),(55,'Nut Butters','Peanut butter, almond butter, and other nut butters'),(56,'Cereals & Granola','Breakfast cereals and granola varieties'),(57,'Granola Bars & Energy Bars','Granola bars, energy bars, and protein bars'),(58,'Cereal Bars & Snacks','Cereal bars and other breakfast snacks'),(59,'Baking Mixes','Cake mixes, pancake mixes, and muffin mixes'),(60,'Frosting & Cake Decorations','Cake frosting, icing, and decorations'),(61,'Pasta','Dry pasta, gluten-free pasta, and fresh pasta varieties'),(62,'Rice','White rice, brown rice, and specialty rice'),(63,'Quinoa & Ancient Grains','Quinoa, bulgur, and other ancient grains'),(64,'Couscous & Polenta','Couscous, polenta, and other grains'),(65,'Beans & Legumes','Dried beans, lentils, and peas'),(66,'Canned Beans & Vegetables','Canned beans, corn, peas, and other vegetables'),(67,'Tomato Products','Canned tomatoes, tomato paste, and sauces'),(68,'Pickles & Olives','Pickles, olives, and other preserved vegetables'),(69,'Mushrooms & Truffles','Canned and dried mushrooms, truffle products'),(70,'Seaweed & Nori','Dried seaweed, nori sheets, and other sea vegetables'),(71,'Tofu & Meat Alternatives','Tofu, tempeh, and plant-based meat alternatives'),(72,'Pasta Sauces','Tomato-based sauces, Alfredo, and pesto'),(73,'Pizza Crusts & Dough','Prepared pizza crusts, dough, and flatbreads'),(74,'Soup Mixes','Instant soup mixes, bouillon, and canned soups'),(75,'Broths & Stocks','Chicken broth, vegetable stock, and bone broth'),(76,'Vinegars','Balsamic vinegar, apple cider vinegar, and specialty vinegars'),(77,'Cooking Oils','Olive oil, vegetable oil, and specialty oils'),(78,'Dips & Spreads','Hummus, baba ghanoush, and other spreads'),(79,'Peanut Butter & Jams','Variety of peanut butters and fruit jams'),(80,'Honey & Syrups','Honey, maple syrup, and agave nectar'),(81,'Canned Fruit','Canned peaches, pineapples, and fruit cocktail'),(82,'Applesauce & Fruit Cups','Applesauce, fruit cups, and fruit pouches'),(83,'Dehydrated & Freeze-Dried Fruits','Dehydrated fruits and freeze-dried snacks'),(84,'Beverage Mixes','Powdered drink mixes, hot cocoa, and instant beverages'),(85,'Water Enhancers','Flavor drops and powders for water'),(86,'Carbonated Soft Drinks','Soda, cola, and other carbonated beverages'),(87,'Juice Boxes & Pouches','Single-serve juice boxes and pouches'),(88,'Functional Beverages','Electrolyte drinks, protein drinks, and enhanced waters'),(89,'Coconut Water','Coconut water and flavored coconut beverages'),(90,'Sports & Energy Drinks','Sports drinks, energy drinks, and hydration beverages'),(91,'Meal Replacement Drinks','Protein shakes and meal replacement beverages'),(92,'Protein Powders & Supplements','Whey protein, plant protein, and supplements'),(93,'Kombucha & Fermented Beverages','Kombucha, kefir, and other fermented drinks'),(94,'Specialty Teas & Coffee','Herbal teas, loose-leaf teas, and gourmet coffee'),(95,'Craft Beer & Microbrews','Craft beers, microbrews, and specialty ales'),(96,'Wine & Champagne','Red wine, white wine, sparkling wine, and champagne'),(97,'Spirits & Liqueurs','Whiskey, vodka, rum, gin, and liqueurs'),(98,'Party Supplies','Disposable plates, cups, napkins, and party decorations');
/*!40000 ALTER TABLE `categories` ENABLE KEYS */;
UNLOCK TABLES;

--
-- Table structure for table `customers`
--

DROP TABLE IF EXISTS `customers`;
/*!40101 SET @saved_cs_client     = @@character_set_client */;
/*!50503 SET character_set_client = utf8mb4 */;
CREATE TABLE `customers` (
  `CustomerID` int NOT NULL AUTO_INCREMENT,
  `FirstName` varchar(100) NOT NULL,
  `LastName` varchar(100) NOT NULL,
  `Address` varchar(250) DEFAULT NULL,
  `City` varchar(100) DEFAULT NULL,
  `PostalCode` varchar(20) DEFAULT NULL,
  `Country` varchar(50) DEFAULT NULL,
  `Phone` varchar(20) DEFAULT NULL,
  `Email` varchar(100) DEFAULT NULL,
  PRIMARY KEY (`CustomerID`)
) ENGINE=InnoDB AUTO_INCREMENT=86 DEFAULT CHARSET=utf8mb4 COLLATE=utf8mb4_0900_ai_ci;
/*!40101 SET character_set_client = @saved_cs_client */;

--
-- Dumping data for table `customers`
--

LOCK TABLES `customers` WRITE;
/*!40000 ALTER TABLE `customers` DISABLE KEYS */;
INSERT INTO `customers` VALUES (1,'John','Doe','123 Maple St.','New York','10001','USA','(212) 555-1234','john.doe@example.com'),(2,'Jane','Smith','456 Oak St.','Los Angeles','90001','USA','(323) 555-5678','jane.smith@example.com'),(3,'Robert','Johnson','789 Pine St.','Chicago','60601','USA','(312) 555-7890','robert.johnson@example.com'),(4,'Emily','Brown','101 Elm St.','Houston','77001','USA','(713) 555-1010','emily.brown@example.com'),(5,'Michael','Davis','202 Birch St.','Philadelphia','19101','USA','(215) 555-2020','michael.davis@example.com'),(6,'Sarah','Miller','303 Cedar St.','Phoenix','85001','USA','(602) 555-3030','sarah.miller@example.com'),(7,'David','Wilson','404 Spruce St.','San Antonio','78201','USA','(210) 555-4040','david.wilson@example.com'),(8,'Laura','Moore','505 Willow St.','San Diego','92101','USA','(619) 555-5050','laura.moore@example.com'),(9,'James','Taylor','606 Ash St.','Dallas','75201','USA','(214) 555-6060','james.taylor@example.com'),(10,'Amanda','Anderson','707 Cherry St.','San Jose','95101','USA','(408) 555-7070','amanda.anderson@example.com'),(11,'Charles','Thomas','808 Poplar St.','Austin','73301','USA','(512) 555-8080','charles.thomas@example.com'),(12,'Jessica','Jackson','909 Redwood St.','Jacksonville','32201','USA','(904) 555-9090','jessica.jackson@example.com'),(13,'Daniel','White','1010 Cypress St.','San Francisco','94101','USA','(415) 555-1010','daniel.white@example.com'),(14,'Karen','Harris','1111 Palm St.','Columbus','43201','USA','(614) 555-1111','karen.harris@example.com'),(15,'Matthew','Martin','1212 Fir St.','Fort Worth','76101','USA','(817) 555-1212','matthew.martin@example.com'),(16,'Ashley','Thompson','1313 Maple St.','Charlotte','28201','USA','(704) 555-1313','ashley.thompson@example.com'),(17,'Christopher','Garcia','1414 Elm St.','Seattle','98101','USA','(206) 555-1414','christopher.garcia@example.com'),(18,'Patricia','Martinez','1515 Birch St.','Denver','80201','USA','(303) 555-1515','patricia.martinez@example.com'),(19,'Joshua','Robinson','1616 Cedar St.','El Paso','79901','USA','(915) 555-1616','joshua.robinson@example.com'),(20,'Linda','Clark','1717 Spruce St.','Boston','02101','USA','(617) 555-1717','linda.clark@example.com'),(21,'Steven','Rodriguez','1818 Willow St.','Detroit','48201','USA','(313) 555-1818','steven.rodriguez@example.com'),(22,'Barbara','Lewis','1919 Ash St.','Nashville','37201','USA','(615) 555-1919','barbara.lewis@example.com'),(23,'Brian','Lee','2020 Cherry St.','Memphis','38101','USA','(901) 555-2020','brian.lee@example.com'),(24,'Nancy','Walker','2121 Poplar St.','Baltimore','21201','USA','(410) 555-2121','nancy.walker@example.com'),(25,'Edward','Hall','2222 Redwood St.','Oklahoma City','73101','USA','(405) 555-2222','edward.hall@example.com'),(26,'Lisa','Allen','2323 Cypress St.','Louisville','40201','USA','(502) 555-2323','lisa.allen@example.com'),(27,'Mark','Young','2424 Palm St.','Milwaukee','53201','USA','(414) 555-2424','mark.young@example.com'),(28,'Betty','Hernandez','2525 Fir St.','Albuquerque','87101','USA','(505) 555-2525','betty.hernandez@example.com'),(29,'Paul','King','2626 Maple St.','Tucson','85701','USA','(520) 555-2626','paul.king@example.com'),(30,'Sandra','Wright','2727 Elm St.','Fresno','93701','USA','(559) 555-2727','sandra.wright@example.com'),(31,'George','Lopez','2828 Birch St.','Sacramento','94203','USA','(916) 555-2828','george.lopez@example.com'),(32,'Deborah','Hill','2929 Cedar St.','Kansas City','64101','USA','(816) 555-2929','deborah.hill@example.com'),(33,'Kenneth','Scott','3030 Spruce St.','Long Beach','90801','USA','(562) 555-3030','kenneth.scott@example.com'),(34,'Susan','Green','3131 Willow St.','Mesa','85201','USA','(480) 555-3131','susan.green@example.com'),(35,'Andrew','Adams','3232 Ash St.','Virginia Beach','23451','USA','(757) 555-3232','andrew.adams@example.com'),(36,'Margaret','Baker','3333 Cherry St.','Colorado Springs','80901','USA','(719) 555-3333','margaret.baker@example.com'),(37,'Jason','Nelson','3434 Poplar St.','Raleigh','27601','USA','(919) 555-3434','jason.nelson@example.com'),(38,'Dorothy','Carter','3535 Redwood St.','Omaha','68101','USA','(402) 555-3535','dorothy.carter@example.com'),(39,'Kevin','Mitchell','3636 Cypress St.','Miami','33101','USA','(305) 555-3636','kevin.mitchell@example.com'),(40,'Shirley','Perez','3737 Palm St.','Oakland','94601','USA','(510) 555-3737','shirley.perez@example.com'),(41,'Gary','Roberts','3838 Fir St.','Minneapolis','55401','USA','(612) 555-3838','gary.roberts@example.com'),(42,'Michelle','Turner','3939 Maple St.','Tulsa','74101','USA','(918) 555-3939','michelle.turner@example.com'),(43,'Ronald','Phillips','4040 Elm St.','Arlington','76001','USA','(817) 555-4040','ronald.phillips@example.com'),(44,'Laura','Campbell','4141 Birch St.','New Orleans','70101','USA','(504) 555-4141','laura.campbell@example.com'),(45,'Edward','Parker','4242 Cedar St.','Wichita','67201','USA','(316) 555-4242','edward.parker@example.com'),(46,'Angela','Evans','4343 Spruce St.','Cleveland','44101','USA','(216) 555-4343','angela.evans@example.com'),(47,'Timothy','Edwards','4444 Willow St.','Tampa','33601','USA','(813) 555-4444','timothy.edwards@example.com'),(48,'Helen','Collins','4545 Ash St.','Bakersfield','93301','USA','(661) 555-4545','helen.collins@example.com'),(49,'Ryan','Stewart','4646 Cherry St.','Aurora','80010','USA','(303) 555-4646','ryan.stewart@example.com'),(50,'Carol','Sanchez','4747 Poplar St.','Anaheim','92801','USA','(714) 555-4747','carol.sanchez@example.com'),(51,'Stephen','Morris','4848 Redwood St.','Santa Ana','92701','USA','(714) 555-4848','stephen.morris@example.com'),(52,'Donna','Rogers','4949 Cypress St.','St. Louis','63101','USA','(314) 555-4949','donna.rogers@example.com'),(53,'Anthony','Reed','5050 Palm St.','Riverside','92501','USA','(951) 555-5050','anthony.reed@example.com'),(54,'Kimberly','Cook','5151 Fir St.','Corpus Christi','78401','USA','(361) 555-5151','kimberly.cook@example.com'),(55,'Donald','Morgan','5252 Maple St.','Lexington','40501','USA','(859) 555-5252','donald.morgan@example.com'),(56,'Deborah','Bell','5353 Elm St.','Stockton','95201','USA','(209) 555-5353','deborah.bell@example.com'),(57,'Jeffrey','Murphy','5454 Birch St.','Henderson','89002','USA','(702) 555-5454','jeffrey.murphy@example.com'),(58,'Rebecca','Bailey','5555 Cedar St.','Lincoln','68501','USA','(402) 555-5555','rebecca.bailey@example.com'),(59,'Larry','Rivera','5656 Spruce St.','Orlando','32801','USA','(407) 555-5656','larry.rivera@example.com'),(60,'Laura','Cooper','5757 Willow St.','Jersey City','07097','USA','(201) 555-5757','laura.cooper@example.com'),(61,'Charles','Richardson','5858 Ash St.','Chula Vista','91910','USA','(619) 555-5858','charles.richardson@example.com'),(62,'Mary','Cox','5959 Cherry St.','Fort Wayne','46801','USA','(260) 555-5959','mary.cox@example.com'),(63,'Joseph','Howard','6060 Poplar St.','North Las Vegas','89030','USA','(702) 555-6060','joseph.howard@example.com'),(64,'Patricia','Ward','6161 Redwood St.','St. Petersburg','33701','USA','(727) 555-6161','patricia.ward@example.com'),(65,'Christopher','Torres','6262 Cypress St.','Laredo','78040','USA','(956) 555-6262','christopher.torres@example.com'),(66,'Sharon','Peterson','6363 Palm St.','Madison','53701','USA','(608) 555-6363','sharon.peterson@example.com'),(67,'William','Gray','6464 Fir St.','Chandler','85224','USA','(480) 555-6464','william.gray@example.com'),(68,'Linda','Ramirez','6565 Maple St.','Durham','27701','USA','(919) 555-6565','linda.ramirez@example.com'),(69,'Karen','James','6666 Elm St.','Lubbock','79401','USA','(806) 555-6666','karen.james@example.com'),(70,'Andrew','Watson','6767 Birch St.','Winston-Salem','27101','USA','(336) 555-6767','andrew.watson@example.com'),(71,'Edward','Brooks','6868 Cedar St.','Garland','75040','USA','(972) 555-6868','edward.brooks@example.com'),(72,'Barbara','Kelly','6969 Spruce St.','Glendale','85301','USA','(623) 555-6969','barbara.kelly@example.com'),(73,'Jason','Sanders','7070 Willow St.','Reno','89501','USA','(775) 555-7070','jason.sanders@example.com'),(74,'Nancy','Price','7171 Ash St.','Hialeah','33010','USA','(305) 555-7171','nancy.price@example.com'),(75,'James','Bennett','7272 Cherry St.','Chesapeake','23320','USA','(757) 555-7272','james.bennett@example.com'),(76,'Deborah','Wood','7373 Poplar St.','Scottsdale','85250','USA','(480) 555-7373','deborah.wood@example.com'),(77,'Charles','Ross','7474 Redwood St.','Irving','75038','USA','(972) 555-7474','charles.ross@example.com'),(78,'Betty','Barnes','7575 Cypress St.','Fremont','94536','USA','(510) 555-7575','betty.barnes@example.com'),(79,'Mary','Henderson','7676 Palm St.','Irvington','07111','USA','(973) 555-7676','mary.henderson@example.com'),(80,'Joseph','Jenkins','7777 Fir St.','Boise','83701','USA','(208) 555-7777','joseph.jenkins@example.com'),(81,'Linda','Perry','7878 Maple St.','Richmond','23223','USA','(804) 555-7878','linda.perry@example.com'),(82,'Christopher','Powell','7979 Elm St.','Spokane','99201','USA','(509) 555-7979','christopher.powell@example.com'),(83,'Deborah','Long','8080 Birch St.','Santa Clarita','91321','USA','(661) 555-8080','deborah.long@example.com'),(84,'George','Patterson','8181 Cedar St.','Overland Park','66204','USA','(913) 555-8181','george.patterson@example.com'),(85,'Sharon','Hughes','8282 Spruce St.','Grand Prairie','75050','USA','(972) 555-8282','sharon.hughes@example.com');
/*!40000 ALTER TABLE `customers` ENABLE KEYS */;
UNLOCK TABLES;

--
-- Table structure for table `employees`
--

DROP TABLE IF EXISTS `employees`;
/*!40101 SET @saved_cs_client     = @@character_set_client */;
/*!50503 SET character_set_client = utf8mb4 */;
CREATE TABLE `employees` (
  `EmployeeID` int NOT NULL AUTO_INCREMENT,
  `FirstName` varchar(100) NOT NULL,
  `LastName` varchar(100) NOT NULL,
  `Title` varchar(50) DEFAULT NULL,
  `HireDate` datetime DEFAULT NULL,
  `Address` varchar(250) DEFAULT NULL,
  `City` varchar(100) DEFAULT NULL,
  `PostalCode` varchar(20) DEFAULT NULL,
  `Country` varchar(50) DEFAULT NULL,
  `Phone` varchar(20) DEFAULT NULL,
  `Email` varchar(100) DEFAULT NULL,
  PRIMARY KEY (`EmployeeID`)
) ENGINE=InnoDB AUTO_INCREMENT=152 DEFAULT CHARSET=utf8mb4 COLLATE=utf8mb4_0900_ai_ci;
/*!40101 SET character_set_client = @saved_cs_client */;

--
-- Dumping data for table `employees`
--

LOCK TABLES `employees` WRITE;
/*!40000 ALTER TABLE `employees` DISABLE KEYS */;
INSERT INTO `employees` VALUES (51,'Brittany','Mitchell','Cashier','2014-02-28 08:30:00','3131 Willow St.','Mesa','85201','USA','480-555-4321','brittanymitchell@example.com'),(102,'John','Doe','Store Manager','2010-06-15 09:00:00','123 Main St.','New York','10001','USA','212-555-1234','johndoe@example.com'),(103,'Jane','Smith','Assistant Manager','2012-09-23 10:00:00','456 Oak St.','Los Angeles','90001','USA','310-555-5678','janesmith@example.com'),(104,'Michael','Brown','Cashier','2015-11-05 11:00:00','789 Pine St.','Chicago','60601','USA','312-555-9876','michaelbrown@example.com'),(105,'Emily','Davis','Sales Associate','2016-04-18 08:30:00','101 Elm St.','Houston','77001','USA','713-555-5432','emilydavis@example.com'),(106,'David','Wilson','Inventory Specialist','2011-02-09 09:15:00','202 Birch St.','Philadelphia','19101','USA','215-555-6789','davidwilson@example.com'),(107,'Sarah','Johnson','Customer Service Rep','2017-03-21 10:45:00','303 Cedar St.','Phoenix','85001','USA','602-555-4321','sarahjohnson@example.com'),(108,'James','Lee','Warehouse Worker','2009-12-01 12:00:00','404 Spruce St.','San Antonio','78201','USA','210-555-8765','jameslee@example.com'),(109,'Jessica','Taylor','Cashier','2014-07-14 13:30:00','505 Willow St.','San Diego','92101','USA','619-555-1234','jessicataylor@example.com'),(110,'Robert','Moore','Sales Associate','2011-01-15 14:45:00','606 Ash St.','Dallas','75201','USA','214-555-5678','robertmoore@example.com'),(111,'Laura','Anderson','Customer Service Rep','2014-10-10 15:00:00','707 Cherry St.','San Jose','95101','USA','408-555-9876','lauraanderson@example.com'),(112,'Daniel','Thomas','Store Manager','2010-05-16 09:00:00','808 Poplar St.','Austin','73301','USA','512-555-5432','danielthomas@example.com'),(113,'Amy','Jackson','Assistant Manager','2013-08-17 10:30:00','909 Redwood St.','Jacksonville','32201','USA','904-555-6789','amyjackson@example.com'),(114,'Matthew','White','Inventory Specialist','2008-04-20 11:00:00','1010 Cypress St.','San Francisco','94101','USA','415-555-4321','matthewwhite@example.com'),(115,'Ashley','Harris','Cashier','2015-05-25 08:30:00','1111 Palm St.','Columbus','43201','USA','614-555-8765','ashleyharris@example.com'),(116,'Andrew','Martin','Sales Associate','2010-07-11 09:15:00','1212 Fir St.','Fort Worth','76101','USA','817-555-1234','andrewmartin@example.com'),(117,'Olivia','Martinez','Customer Service Rep','2016-06-12 10:45:00','1313 Maple St.','Charlotte','28201','USA','704-555-5678','oliviamartinez@example.com'),(118,'Joshua','Garcia','Warehouse Worker','2009-09-13 12:00:00','1414 Elm St.','Seattle','98101','USA','206-555-9876','joshuagarcia@example.com'),(119,'Megan','Martinez','Cashier','2014-10-14 13:30:00','1515 Birch St.','Denver','80201','USA','303-555-5432','meganmartinez@example.com'),(120,'Ryan','Robinson','Sales Associate','2011-11-15 14:45:00','1616 Cedar St.','El Paso','79901','USA','915-555-6789','ryanrobinson@example.com'),(121,'Rachel','Clark','Customer Service Rep','2017-12-16 15:00:00','1717 Spruce St.','Boston','02101','USA','617-555-4321','rachelclark@example.com'),(122,'Jacob','Rodriguez','Store Manager','2010-01-17 09:00:00','1818 Willow St.','Detroit','48201','USA','313-555-8765','jacobrodriguez@example.com'),(123,'Sophia','Lewis','Assistant Manager','2013-02-18 10:30:00','1919 Ash St.','Nashville','37201','USA','615-555-1234','sophialewis@example.com'),(124,'Tyler','Walker','Inventory Specialist','2009-03-19 11:00:00','2020 Cherry St.','Memphis','38101','USA','901-555-5678','tylerwalker@example.com'),(125,'Emma','Young','Cashier','2016-04-20 08:30:00','2121 Poplar St.','Baltimore','21201','USA','410-555-9876','emmayoung@example.com'),(126,'Zachary','Allen','Sales Associate','2012-05-21 09:15:00','2222 Redwood St.','Oklahoma City','73101','USA','405-555-5432','zacharyallen@example.com'),(127,'Hannah','King','Customer Service Rep','2015-06-22 10:45:00','2323 Cypress St.','Louisville','40201','USA','502-555-6789','hannahking@example.com'),(128,'Brandon','Scott','Warehouse Worker','2008-07-23 12:00:00','2424 Palm St.','Milwaukee','53201','USA','414-555-4321','brandonscott@example.com'),(129,'Kayla','Green','Cashier','2014-08-24 13:30:00','2525 Fir St.','Albuquerque','87101','USA','505-555-8765','kaylagreen@example.com'),(130,'Justin','Baker','Sales Associate','2009-09-25 14:45:00','2626 Maple St.','Tucson','85701','USA','520-555-1234','justinbaker@example.com'),(131,'Natalie','Adams','Customer Service Rep','2016-10-26 15:00:00','2727 Elm St.','Fresno','93701','USA','559-555-5678','natalieadams@example.com'),(132,'Tyler','Perez','Store Manager','2010-11-27 09:00:00','2828 Birch St.','Sacramento','94203','USA','916-555-9876','tylerperez@example.com'),(133,'Samantha','Sanchez','Assistant Manager','2013-12-28 10:30:00','2929 Cedar St.','Kansas City','64101','USA','816-555-5432','samanthasanchez@example.com'),(134,'Aaron','Nelson','Inventory Specialist','2007-01-29 11:00:00','3030 Spruce St.','Long Beach','90801','USA','562-555-6789','aaronnelson@example.com'),(135,'Brittany','Mitchell','Cashier','2014-02-28 08:30:00','3131 Willow St.','Mesa','85201','USA','480-555-4321','brittanymitchell@example.com'),(136,'Jonathan','Perez','Sales Associate','2008-03-01 09:15:00','3232 Ash St.','Virginia Beach','23451','USA','757-555-8765','jonathanperez@example.com'),(137,'Megan','Roberts','Customer Service Rep','2017-04-02 10:45:00','3333 Cherry St.','Colorado Springs','80901','USA','719-555-1234','meganroberts@example.com'),(138,'Nicholas','Turner','Warehouse Worker','2009-05-03 12:00:00','3434 Poplar St.','Raleigh','27601','USA','919-555-5678','nicholasturner@example.com'),(139,'Amber','Phillips','Cashier','2015-06-04 13:30:00','3535 Redwood St.','Omaha','68101','USA','402-555-9876','amberphillips@example.com'),(140,'Joseph','Campbell','Sales Associate','2011-07-05 14:45:00','3636 Cypress St.','Miami','33101','USA','305-555-5432','josephcampbell@example.com'),(141,'Brittany','Parker','Customer Service Rep','2014-08-06 15:00:00','3737 Palm St.','Oakland','94601','USA','510-555-6789','brittanyparker@example.com'),(142,'Justin','Evans','Store Manager','2008-09-07 09:00:00','3838 Fir St.','Minneapolis','55401','USA','612-555-4321','justinevans@example.com'),(143,'Kayla','Edwards','Assistant Manager','2012-10-08 10:30:00','3939 Maple St.','Tulsa','74101','USA','918-555-8765','kaylaedwards@example.com'),(144,'Dylan','Collins','Inventory Specialist','2014-11-09 11:00:00','4040 Elm St.','Arlington','76001','USA','817-555-1234','dylancollins@example.com'),(145,'Lauren','Stewart','Cashier','2016-12-10 08:30:00','4141 Birch St.','New Orleans','70101','USA','504-555-5678','laurenstewart@example.com'),(146,'Christian','Morris','Sales Associate','2010-01-11 09:15:00','4242 Cedar St.','Wichita','67201','USA','316-555-9876','christianmorris@example.com'),(147,'Taylor','Rogers','Customer Service Rep','2015-02-12 10:45:00','4343 Spruce St.','Cleveland','44101','USA','216-555-5432','taylorrogers@example.com'),(148,'Nathan','Reed','Warehouse Worker','2009-03-13 12:00:00','4444 Willow St.','Tampa','33601','USA','813-555-6789','nathanreed@example.com'),(149,'Madison','Cook','Cashier','2017-04-14 13:30:00','4545 Ash St.','Bakersfield','93301','USA','661-555-4321','madisoncook@example.com'),(150,'Isaac','Bailey','Sales Associate','2012-05-15 14:45:00','4646 Cherry St.','Aurora','80010','USA','303-555-8765','isaacbailey@example.com'),(151,'Victoria','Bell','Customer Service Rep','2014-06-16 15:00:00','4747 Poplar St.','Anaheim','92801','USA','714-555-1234','victoriabell@example.com');
/*!40000 ALTER TABLE `employees` ENABLE KEYS */;
UNLOCK TABLES;

--
-- Table structure for table `inventory`
--

DROP TABLE IF EXISTS `inventory`;
/*!40101 SET @saved_cs_client     = @@character_set_client */;
/*!50503 SET character_set_client = utf8mb4 */;
CREATE TABLE `inventory` (
  `InventoryID` int NOT NULL AUTO_INCREMENT,
  `ProductID` int DEFAULT NULL,
  `QuantityInStock` int NOT NULL,
  `LastUpdated` datetime NOT NULL,
  PRIMARY KEY (`InventoryID`),
  KEY `ProductID` (`ProductID`),
  CONSTRAINT `inventory_ibfk_1` FOREIGN KEY (`ProductID`) REFERENCES `products` (`ProductID`)
) ENGINE=InnoDB AUTO_INCREMENT=392 DEFAULT CHARSET=utf8mb4 COLLATE=utf8mb4_0900_ai_ci;
/*!40101 SET character_set_client = @saved_cs_client */;

--
-- Dumping data for table `inventory`
--

LOCK TABLES `inventory` WRITE;
/*!40000 ALTER TABLE `inventory` DISABLE KEYS */;
INSERT INTO `inventory` VALUES (301,1,120,'2024-04-11 10:00:00'),(302,2,200,'2024-04-11 11:00:00'),(303,3,150,'2024-04-11 12:00:00'),(304,4,75,'2024-04-11 13:00:00'),(305,5,180,'2024-04-11 14:00:00'),(306,6,100,'2024-04-11 15:00:00'),(307,7,90,'2024-04-11 16:00:00'),(308,8,250,'2024-04-11 17:00:00'),(309,9,80,'2024-04-11 18:00:00'),(310,10,300,'2024-04-12 09:00:00'),(311,11,120,'2024-04-12 10:00:00'),(312,12,100,'2024-04-12 11:00:00'),(313,13,400,'2024-04-12 12:00:00'),(314,14,150,'2024-04-12 13:00:00'),(315,15,200,'2024-04-12 14:00:00'),(316,16,180,'2024-04-12 15:00:00'),(317,17,300,'2024-04-12 16:00:00'),(318,18,200,'2024-04-12 17:00:00'),(319,19,100,'2024-04-12 18:00:00'),(320,20,120,'2024-04-12 19:00:00'),(321,21,150,'2024-04-13 09:00:00'),(322,22,180,'2024-04-13 10:00:00'),(323,23,300,'2024-04-13 11:00:00'),(324,24,200,'2024-04-13 12:00:00'),(325,25,100,'2024-04-13 13:00:00'),(326,26,400,'2024-04-13 14:00:00'),(327,27,150,'2024-04-13 15:00:00'),(328,28,180,'2024-04-13 16:00:00'),(329,29,100,'2024-04-13 17:00:00'),(330,30,200,'2024-04-13 18:00:00'),(331,31,120,'2024-04-13 19:00:00'),(332,32,300,'2024-04-14 09:00:00'),(333,33,150,'2024-04-14 10:00:00'),(334,34,200,'2024-04-14 11:00:00'),(335,35,180,'2024-04-14 12:00:00'),(336,36,120,'2024-04-14 13:00:00'),(337,37,400,'2024-04-14 14:00:00'),(338,38,100,'2024-04-14 15:00:00'),(339,39,150,'2024-04-14 16:00:00'),(340,40,200,'2024-04-14 17:00:00'),(341,41,180,'2024-04-14 18:00:00'),(342,42,120,'2024-04-15 09:00:00'),(343,43,100,'2024-04-15 10:00:00'),(344,44,400,'2024-04-15 11:00:00'),(345,45,150,'2024-04-15 12:00:00'),(346,46,200,'2024-04-15 13:00:00'),(347,47,180,'2024-04-15 14:00:00'),(348,48,120,'2024-04-15 15:00:00'),(349,49,300,'2024-04-15 16:00:00'),(350,50,100,'2024-04-15 17:00:00'),(351,51,150,'2024-04-15 18:00:00'),(352,52,200,'2024-04-16 09:00:00'),(353,53,180,'2024-04-16 10:00:00'),(354,54,120,'2024-04-16 11:00:00'),(355,55,100,'2024-04-16 12:00:00'),(356,56,300,'2024-04-16 13:00:00'),(357,57,150,'2024-04-16 14:00:00'),(358,58,200,'2024-04-16 15:00:00'),(359,59,180,'2024-04-16 16:00:00'),(360,60,100,'2024-04-16 17:00:00'),(361,61,120,'2024-04-16 18:00:00'),(362,62,150,'2024-04-17 09:00:00'),(363,63,200,'2024-04-17 10:00:00'),(364,64,180,'2024-04-17 11:00:00'),(365,65,120,'2024-04-17 12:00:00'),(366,66,400,'2024-04-17 13:00:00'),(367,67,150,'2024-04-17 14:00:00'),(368,68,200,'2024-04-17 15:00:00'),(369,69,180,'2024-04-17 16:00:00'),(370,70,100,'2024-04-17 17:00:00'),(371,71,300,'2024-04-17 18:00:00'),(372,72,120,'2024-04-18 09:00:00'),(373,73,150,'2024-04-18 10:00:00'),(374,74,200,'2024-04-18 11:00:00'),(375,75,180,'2024-04-18 12:00:00'),(376,76,100,'2024-04-18 13:00:00'),(377,77,400,'2024-04-18 14:00:00'),(378,78,150,'2024-04-18 15:00:00'),(379,79,200,'2024-04-18 16:00:00'),(380,80,180,'2024-04-18 17:00:00'),(381,81,300,'2024-04-18 18:00:00'),(382,82,120,'2024-04-19 09:00:00'),(383,83,100,'2024-04-19 10:00:00'),(384,84,150,'2024-04-19 11:00:00'),(385,85,200,'2024-04-19 12:00:00'),(386,86,180,'2024-04-19 13:00:00'),(387,87,400,'2024-04-19 14:00:00'),(388,88,100,'2024-04-19 15:00:00'),(389,89,120,'2024-04-19 16:00:00'),(390,90,150,'2024-04-19 17:00:00'),(391,90,150,'2024-04-19 17:00:00');
/*!40000 ALTER TABLE `inventory` ENABLE KEYS */;
UNLOCK TABLES;

--
-- Table structure for table `orderdetails`
--

DROP TABLE IF EXISTS `orderdetails`;
/*!40101 SET @saved_cs_client     = @@character_set_client */;
/*!50503 SET character_set_client = utf8mb4 */;
CREATE TABLE `orderdetails` (
  `OrderDetailID` int NOT NULL AUTO_INCREMENT,
  `OrderID` int DEFAULT NULL,
  `ProductID` int DEFAULT NULL,
  `Quantity` int NOT NULL,
  `UnitPrice` decimal(10,2) NOT NULL,
  `Discount` decimal(3,2) DEFAULT '0.00',
  PRIMARY KEY (`OrderDetailID`),
  KEY `OrderID` (`OrderID`),
  KEY `ProductID` (`ProductID`),
  CONSTRAINT `orderdetails_ibfk_1` FOREIGN KEY (`OrderID`) REFERENCES `orders` (`OrderID`),
  CONSTRAINT `orderdetails_ibfk_2` FOREIGN KEY (`ProductID`) REFERENCES `products` (`ProductID`)
) ENGINE=InnoDB AUTO_INCREMENT=456 DEFAULT CHARSET=utf8mb4 COLLATE=utf8mb4_0900_ai_ci;
/*!40101 SET character_set_client = @saved_cs_client */;

--
-- Dumping data for table `orderdetails`
--

LOCK TABLES `orderdetails` WRITE;
/*!40000 ALTER TABLE `orderdetails` DISABLE KEYS */;
INSERT INTO `orderdetails` VALUES (371,201,1,5,15.00,0.00),(372,202,2,3,3.50,0.05),(373,203,3,2,8.00,0.10),(374,204,4,4,12.50,0.00),(375,205,5,6,4.00,0.00),(376,206,6,10,20.00,0.10),(377,207,7,8,10.00,0.00),(378,208,8,12,25.00,0.00),(379,209,9,7,12.00,0.00),(380,210,10,4,3.50,0.05),(381,211,11,2,15.00,0.00),(382,212,12,5,2.50,0.00),(383,213,13,3,2.00,0.10),(384,214,14,7,4.50,0.00),(385,215,15,10,7.00,0.05),(386,216,16,8,6.00,0.00),(387,217,17,6,8.50,0.10),(388,218,18,4,5.00,0.00),(389,219,19,5,18.00,0.00),(390,220,20,7,25.00,0.00),(391,221,21,6,4.50,0.05),(392,222,22,10,8.00,0.00),(393,223,23,12,12.00,0.10),(394,224,24,8,10.00,0.00),(395,225,25,6,6.50,0.00),(396,226,26,4,7.00,0.00),(397,227,27,5,7.50,0.05),(398,228,28,3,12.00,0.00),(399,229,29,7,15.00,0.10),(400,230,30,2,14.00,0.00),(401,231,31,8,18.00,0.00),(402,232,32,6,10.00,0.00),(403,233,33,5,2.00,0.05),(404,234,34,7,3.50,0.00),(405,235,35,4,15.00,0.00),(406,236,36,6,3.50,0.00),(407,237,37,8,10.00,0.05),(408,238,38,5,7.00,0.00),(409,239,39,3,8.00,0.00),(410,240,40,4,10.00,0.00),(411,241,41,2,2.50,0.00),(412,242,42,6,4.50,0.00),(413,243,43,7,7.50,0.10),(414,244,44,8,12.00,0.00),(415,245,45,5,10.00,0.05),(416,246,46,4,6.50,0.00),(417,247,47,6,18.00,0.00),(418,248,48,3,7.00,0.00),(419,249,49,7,12.00,0.05),(420,250,50,5,2.00,0.00),(421,251,51,2,3.50,0.00),(422,252,52,4,15.00,0.00),(423,253,53,6,7.00,0.00),(424,254,54,3,8.00,0.10),(425,255,55,8,4.00,0.00),(426,256,56,7,18.00,0.00),(427,257,57,4,7.50,0.05),(428,258,58,6,6.50,0.00),(429,259,59,2,12.00,0.00),(430,260,60,7,3.50,0.00),(431,261,61,8,10.00,0.00),(432,262,62,5,2.50,0.10),(433,263,63,6,4.50,0.00),(434,264,64,4,7.00,0.00),(435,265,65,3,12.00,0.00),(436,266,66,7,15.00,0.05),(437,267,67,2,18.00,0.00),(438,268,68,4,8.00,0.00),(439,269,69,5,14.00,0.00),(440,270,70,3,10.00,0.10),(441,271,71,8,12.00,0.00),(442,272,72,4,7.50,0.05),(443,273,73,7,6.50,0.00),(444,274,74,6,12.00,0.00),(445,275,75,2,3.50,0.00),(446,276,76,4,15.00,0.00),(447,277,77,8,7.00,0.10),(448,278,78,5,18.00,0.00),(449,279,79,7,7.50,0.00),(450,280,80,4,6.50,0.00),(451,281,81,6,10.00,0.05),(452,282,82,3,12.00,0.00),(453,283,83,8,4.50,0.00),(454,284,84,7,6.00,0.00),(455,285,85,5,7.00,0.10);
/*!40000 ALTER TABLE `orderdetails` ENABLE KEYS */;
UNLOCK TABLES;

--
-- Table structure for table `orders`
--

DROP TABLE IF EXISTS `orders`;
/*!40101 SET @saved_cs_client     = @@character_set_client */;
/*!50503 SET character_set_client = utf8mb4 */;
CREATE TABLE `orders` (
  `OrderID` int NOT NULL AUTO_INCREMENT,
  `CustomerID` int DEFAULT NULL,
  `OrderDate` datetime NOT NULL,
  `ShippedDate` datetime DEFAULT NULL,
  `ShipAddress` varchar(250) DEFAULT NULL,
  `ShipCity` varchar(100) DEFAULT NULL,
  `ShipPostalCode` varchar(20) DEFAULT NULL,
  `ShipCountry` varchar(50) DEFAULT NULL,
  PRIMARY KEY (`OrderID`),
  KEY `CustomerID` (`CustomerID`),
  CONSTRAINT `orders_ibfk_1` FOREIGN KEY (`CustomerID`) REFERENCES `customers` (`CustomerID`)
) ENGINE=InnoDB AUTO_INCREMENT=286 DEFAULT CHARSET=utf8mb4 COLLATE=utf8mb4_0900_ai_ci;
/*!40101 SET character_set_client = @saved_cs_client */;

--
-- Dumping data for table `orders`
--

LOCK TABLES `orders` WRITE;
/*!40000 ALTER TABLE `orders` DISABLE KEYS */;
INSERT INTO `orders` VALUES (201,1,'2024-01-05 10:15:00','2024-01-07 14:20:00','123 Maple St.','New York','10001','USA'),(202,2,'2024-01-06 12:30:00','2024-01-08 15:30:00','456 Oak St.','Los Angeles','90001','USA'),(203,3,'2024-01-07 11:00:00','2024-01-09 13:45:00','789 Pine St.','Chicago','60601','USA'),(204,4,'2024-01-08 09:45:00','2024-01-10 14:00:00','101 Elm St.','Houston','77001','USA'),(205,5,'2024-01-09 14:20:00','2024-01-11 16:25:00','202 Birch St.','Philadelphia','19101','USA'),(206,6,'2024-01-10 16:00:00','2024-01-12 17:00:00','303 Cedar St.','Phoenix','85001','USA'),(207,7,'2024-01-11 13:30:00','2024-01-13 15:00:00','404 Spruce St.','San Antonio','78201','USA'),(208,8,'2024-01-12 08:45:00','2024-01-14 13:00:00','505 Willow St.','San Diego','92101','USA'),(209,9,'2024-01-13 11:15:00','2024-01-15 14:30:00','606 Ash St.','Dallas','75201','USA'),(210,10,'2024-01-14 10:30:00','2024-01-16 13:45:00','707 Cherry St.','San Jose','95101','USA'),(211,11,'2024-01-15 15:00:00','2024-01-17 17:00:00','808 Poplar St.','Austin','73301','USA'),(212,12,'2024-01-16 09:15:00','2024-01-18 12:30:00','909 Redwood St.','Jacksonville','32201','USA'),(213,13,'2024-01-17 14:45:00','2024-01-19 16:00:00','1010 Cypress St.','San Francisco','94101','USA'),(214,14,'2024-01-18 13:00:00','2024-01-20 15:15:00','1111 Palm St.','Columbus','43201','USA'),(215,15,'2024-01-19 16:30:00','2024-01-21 18:00:00','1212 Fir St.','Fort Worth','76101','USA'),(216,16,'2024-01-20 12:00:00','2024-01-22 14:45:00','1313 Maple St.','Charlotte','28201','USA'),(217,17,'2024-01-21 10:15:00','2024-01-23 13:30:00','1414 Elm St.','Seattle','98101','USA'),(218,18,'2024-01-22 09:00:00','2024-01-24 12:15:00','1515 Birch St.','Denver','80201','USA'),(219,19,'2024-01-23 14:30:00','2024-01-25 16:45:00','1616 Cedar St.','El Paso','79901','USA'),(220,20,'2024-01-24 15:15:00','2024-01-26 18:00:00','1717 Spruce St.','Boston','02101','USA'),(221,21,'2024-01-25 11:45:00','2024-01-27 13:15:00','1818 Willow St.','Detroit','48201','USA'),(222,22,'2024-01-26 16:00:00','2024-01-28 17:30:00','1919 Ash St.','Nashville','37201','USA'),(223,23,'2024-01-27 08:30:00','2024-01-29 12:00:00','2020 Cherry St.','Memphis','38101','USA'),(224,24,'2024-01-28 14:15:00','2024-01-30 16:30:00','2121 Poplar St.','Baltimore','21201','USA'),(225,25,'2024-01-29 13:00:00','2024-01-31 15:45:00','2222 Redwood St.','Oklahoma City','73101','USA'),(226,26,'2024-01-30 10:45:00','2024-02-01 13:30:00','2323 Cypress St.','Louisville','40201','USA'),(227,27,'2024-01-31 12:30:00','2024-02-02 14:45:00','2424 Palm St.','Milwaukee','53201','USA'),(228,28,'2024-02-01 15:15:00','2024-02-03 17:30:00','2525 Fir St.','Albuquerque','87101','USA'),(229,29,'2024-02-02 09:30:00','2024-02-04 12:15:00','2626 Maple St.','Tucson','85701','USA'),(230,30,'2024-02-03 16:00:00','2024-02-05 18:15:00','2727 Elm St.','Fresno','93701','USA'),(231,31,'2024-02-04 11:15:00','2024-02-06 14:00:00','2828 Birch St.','Sacramento','94203','USA'),(232,32,'2024-02-05 08:45:00','2024-02-07 11:30:00','2929 Cedar St.','Kansas City','64101','USA'),(233,33,'2024-02-06 13:30:00','2024-02-08 16:00:00','3030 Spruce St.','Long Beach','90801','USA'),(234,34,'2024-02-07 14:45:00','2024-02-09 17:00:00','3131 Willow St.','Mesa','85201','USA'),(235,35,'2024-02-08 10:30:00','2024-02-10 13:30:00','3232 Ash St.','Virginia Beach','23451','USA'),(236,36,'2024-02-09 12:00:00','2024-02-11 14:30:00','3333 Cherry St.','Colorado Springs','80901','USA'),(237,37,'2024-02-10 09:00:00','2024-02-12 12:15:00','3434 Poplar St.','Raleigh','27601','USA'),(238,38,'2024-02-11 16:30:00','2024-02-13 18:45:00','3535 Redwood St.','Omaha','68101','USA'),(239,39,'2024-02-12 14:15:00','2024-02-14 16:30:00','3636 Cypress St.','Miami','33101','USA'),(240,40,'2024-02-13 08:30:00','2024-02-15 11:15:00','3737 Palm St.','Oakland','94601','USA'),(241,41,'2024-02-14 11:45:00','2024-02-16 14:00:00','3838 Fir St.','Minneapolis','55401','USA'),(242,42,'2024-02-15 16:00:00','2024-02-17 18:15:00','3939 Maple St.','Tulsa','74101','USA'),(243,43,'2024-02-16 10:15:00','2024-02-18 12:45:00','4040 Elm St.','Arlington','76001','USA'),(244,44,'2024-02-17 09:00:00','2024-02-19 11:30:00','4141 Birch St.','New Orleans','70101','USA'),(245,45,'2024-02-18 13:30:00','2024-02-20 16:00:00','4242 Cedar St.','Wichita','67201','USA'),(246,46,'2024-02-19 08:45:00','2024-02-21 11:00:00','4343 Spruce St.','Cleveland','44101','USA'),(247,47,'2024-02-20 15:15:00','2024-02-22 18:00:00','4444 Willow St.','Tampa','33601','USA'),(248,48,'2024-02-21 11:00:00','2024-02-23 14:15:00','4545 Ash St.','Bakersfield','93301','USA'),(249,49,'2024-02-22 16:30:00','2024-02-24 18:45:00','4646 Cherry St.','Aurora','80010','USA'),(250,50,'2024-02-23 10:30:00','2024-02-25 13:00:00','4747 Poplar St.','Anaheim','92801','USA'),(251,51,'2024-02-24 12:15:00','2024-02-26 14:45:00','4848 Redwood St.','Santa Ana','92701','USA'),(252,52,'2024-02-25 15:00:00','2024-02-27 17:30:00','4949 Cypress St.','St. Louis','63101','USA'),(253,53,'2024-02-26 09:15:00','2024-02-28 12:00:00','5050 Palm St.','Riverside','92501','USA'),(254,54,'2024-02-27 11:30:00','2024-03-01 14:00:00','5151 Fir St.','Corpus Christi','78401','USA'),(255,55,'2024-02-28 16:45:00','2024-03-02 18:15:00','5252 Maple St.','Lexington','40501','USA'),(256,56,'2024-02-29 12:00:00','2024-03-02 14:30:00','5353 Elm St.','Stockton','95201','USA'),(257,57,'2024-03-01 14:15:00','2024-03-03 16:45:00','5454 Birch St.','Henderson','89002','USA'),(258,58,'2024-03-02 09:30:00','2024-03-04 12:15:00','5555 Cedar St.','Lincoln','68501','USA'),(259,59,'2024-03-03 08:45:00','2024-03-05 11:30:00','5656 Spruce St.','Orlando','32801','USA'),(260,60,'2024-03-04 16:00:00','2024-03-06 18:15:00','5757 Willow St.','Jersey City','07097','USA'),(261,61,'2024-03-05 11:15:00','2024-03-07 13:45:00','5858 Ash St.','Chula Vista','91910','USA'),(262,62,'2024-03-06 10:30:00','2024-03-08 13:00:00','5959 Cherry St.','Fort Wayne','46801','USA'),(263,63,'2024-03-07 12:45:00','2024-03-09 15:00:00','6060 Poplar St.','North Las Vegas','89030','USA'),(264,64,'2024-03-08 08:30:00','2024-03-10 11:15:00','6161 Redwood St.','St. Petersburg','33701','USA'),(265,65,'2024-03-09 09:45:00','2024-03-11 12:00:00','6262 Cypress St.','Laredo','78040','USA'),(266,66,'2024-03-10 13:30:00','2024-03-12 16:00:00','6363 Palm St.','Madison','53701','USA'),(267,67,'2024-03-11 08:15:00','2024-03-13 10:45:00','6464 Fir St.','Chandler','85224','USA'),(268,68,'2024-03-12 15:00:00','2024-03-14 17:30:00','6565 Maple St.','Durham','27701','USA'),(269,69,'2024-03-13 11:30:00','2024-03-15 14:15:00','6666 Elm St.','Lubbock','79401','USA'),(270,70,'2024-03-14 14:00:00','2024-03-16 16:30:00','6767 Birch St.','Winston-Salem','27101','USA'),(271,71,'2024-03-15 10:45:00','2024-03-17 13:15:00','6868 Cedar St.','Garland','75040','USA'),(272,72,'2024-03-16 09:30:00','2024-03-18 12:00:00','6969 Spruce St.','Glendale','85301','USA'),(273,73,'2024-03-17 12:15:00','2024-03-19 14:45:00','7070 Willow St.','Reno','89501','USA'),(274,74,'2024-03-18 16:30:00','2024-03-20 18:45:00','7171 Ash St.','Hialeah','33010','USA'),(275,75,'2024-03-19 13:00:00','2024-03-21 15:30:00','7272 Cherry St.','Chesapeake','23320','USA'),(276,76,'2024-03-20 11:45:00','2024-03-22 14:00:00','7373 Poplar St.','Scottsdale','85250','USA'),(277,77,'2024-03-21 09:15:00','2024-03-23 12:00:00','7474 Redwood St.','Irving','75038','USA'),(278,78,'2024-03-22 15:45:00','2024-03-24 18:00:00','7575 Cypress St.','Fremont','94536','USA'),(279,79,'2024-03-23 14:15:00','2024-03-25 16:45:00','7676 Palm St.','Irvington','07111','USA'),(280,80,'2024-03-24 09:30:00','2024-03-26 12:00:00','7777 Fir St.','Boise','83701','USA'),(281,81,'2024-03-25 08:00:00','2024-03-27 10:30:00','7878 Maple St.','Richmond','23223','USA'),(282,82,'2024-03-26 11:30:00','2024-03-28 14:15:00','7979 Elm St.','Spokane','99201','USA'),(283,83,'2024-03-27 12:45:00','2024-03-29 15:00:00','8080 Birch St.','Santa Clarita','91321','USA'),(284,84,'2024-03-28 10:00:00','2024-03-30 13:15:00','8181 Cedar St.','Overland Park','66204','USA'),(285,85,'2024-03-29 15:30:00','2024-03-31 17:45:00','8282 Spruce St.','Grand Prairie','75050','USA');
/*!40000 ALTER TABLE `orders` ENABLE KEYS */;
UNLOCK TABLES;

--
-- Table structure for table `products`
--

DROP TABLE IF EXISTS `products`;
/*!40101 SET @saved_cs_client     = @@character_set_client */;
/*!50503 SET character_set_client = utf8mb4 */;
CREATE TABLE `products` (
  `ProductID` int NOT NULL AUTO_INCREMENT,
  `ProductName` varchar(150) NOT NULL,
  `CategoryID` int DEFAULT NULL,
  `SupplierID` int DEFAULT NULL,
  `QuantityPerUnit` varchar(50) DEFAULT NULL,
  `UnitPrice` decimal(10,2) NOT NULL,
  `UnitsInStock` int DEFAULT NULL,
  `UnitsOnOrder` int DEFAULT NULL,
  `ReorderLevel` int DEFAULT NULL,
  `Discontinued` tinyint(1) DEFAULT '0',
  PRIMARY KEY (`ProductID`),
  KEY `CategoryID` (`CategoryID`),
  KEY `SupplierID` (`SupplierID`),
  CONSTRAINT `products_ibfk_1` FOREIGN KEY (`CategoryID`) REFERENCES `categories` (`CategoryID`),
  CONSTRAINT `products_ibfk_2` FOREIGN KEY (`SupplierID`) REFERENCES `suppliers` (`SupplierID`)
) ENGINE=InnoDB AUTO_INCREMENT=91 DEFAULT CHARSET=utf8mb4 COLLATE=utf8mb4_0900_ai_ci;
/*!40101 SET character_set_client = @saved_cs_client */;

--
-- Dumping data for table `products`
--

LOCK TABLES `products` WRITE;
/*!40000 ALTER TABLE `products` DISABLE KEYS */;
INSERT INTO `products` VALUES (1,'Organic Apple Juice',1,1,'12 bottles x 1L',15.00,120,25,10,0),(2,'Whole Wheat Bread',4,12,'20 loaves',3.50,200,30,15,0),(3,'Cheddar Cheese',3,7,'24 packs x 200g',8.00,150,20,10,0),(4,'Almond Butter',2,25,'12 jars x 500g',12.50,75,15,20,0),(5,'Italian Pasta',12,22,'24 packs x 500g',4.00,180,35,25,0),(6,'Organic Olive Oil',26,26,'12 bottles x 750ml',20.00,100,40,10,0),(7,'Balsamic Vinegar',28,27,'12 bottles x 500ml',10.00,90,25,10,0),(8,'Granola Bars',8,9,'30 bars',25.00,250,60,30,0),(9,'Frozen Pizza',10,31,'12 pizzas',12.00,80,20,10,0),(10,'French Fries',10,11,'10 packs x 1kg',3.50,300,50,25,0),(11,'Sparkling Water',39,36,'24 bottles x 500ml',15.00,120,30,20,0),(12,'Dark Chocolate',37,32,'50 bars x 100g',2.50,500,100,50,0),(13,'Canned Peas',13,11,'24 cans x 400g',2.00,400,80,40,0),(14,'Tomato Ketchup',14,2,'12 bottles x 750ml',4.50,150,40,20,0),(15,'Peanut Butter',25,25,'12 jars x 500g',7.00,200,50,30,0),(16,'Instant Coffee',43,33,'12 jars x 200g',6.00,100,30,20,0),(17,'Green Tea',42,35,'20 boxes x 50 bags',5.00,300,60,40,0),(18,'Protein Shake',46,37,'12 bottles x 500ml',25.00,80,20,10,0),(19,'Multigrain Cereal',7,6,'20 packs x 500g',6.50,150,30,20,0),(20,'Energy Drink',47,37,'24 cans x 250ml',18.00,200,40,30,0),(21,'Greek Yogurt',3,38,'24 cups x 150g',4.00,180,20,15,0),(22,'Frozen Mixed Berries',10,10,'12 packs x 500g',8.00,150,30,20,0),(23,'Organic Honey',29,26,'12 jars x 500g',15.00,80,20,10,0),(24,'Dried Mango',24,24,'20 packs x 200g',12.00,100,25,20,0),(25,'BBQ Sauce',14,2,'12 bottles x 500ml',5.00,150,30,20,0),(26,'Gluten-Free Crackers',34,30,'30 packs',7.00,120,30,20,0),(27,'Almond Milk',40,44,'12 cartons x 1L',4.50,180,40,25,0),(28,'Vegan Cheese',3,7,'24 packs x 200g',10.00,120,20,10,0),(29,'Brown Rice',23,21,'20 bags x 1kg',5.00,300,50,25,0),(30,'Organic Quinoa',22,21,'12 packs x 500g',8.50,100,30,20,0),(31,'Whole Grain Crackers',34,30,'30 packs',6.00,200,40,25,0),(32,'Himalayan Salt',27,22,'12 packs x 500g',7.50,80,20,15,0),(33,'Coconut Oil',27,26,'12 jars x 1L',15.00,120,40,20,0),(34,'Organic Almonds',24,24,'10 packs x 500g',20.00,150,30,20,0),(35,'Sweet Corn',13,11,'24 cans x 400g',2.00,350,70,30,0),(36,'Organic Peanut Butter',25,25,'12 jars x 500g',10.00,100,30,20,0),(37,'Organic Coconut Milk',13,22,'24 cans x 400ml',3.50,150,30,20,0),(38,'Spaghetti',12,22,'24 packs x 500g',4.50,200,50,30,0),(39,'Marinara Sauce',26,26,'12 jars x 500ml',7.00,120,30,20,0),(40,'Frozen Peas',10,11,'12 packs x 1kg',4.00,250,50,25,0),(41,'Organic Carrots',5,6,'10 packs x 1kg',3.00,300,40,20,0),(42,'Organic Potatoes',5,6,'10 packs x 1kg',2.50,350,60,25,0),(43,'Sliced Turkey Breast',6,15,'12 packs x 500g',8.00,100,20,15,0),(44,'Salmon Fillets',7,16,'10 packs x 500g',15.00,80,20,10,0),(45,'Rye Bread',4,12,'20 loaves',4.00,120,30,20,0),(46,'Organic Black Beans',13,21,'24 cans x 400g',2.50,300,50,30,0),(47,'Chickpeas',13,21,'24 cans x 400g',2.00,320,40,25,0),(48,'Vanilla Ice Cream',48,11,'12 tubs x 1L',6.00,150,40,20,0),(49,'Coconut Yogurt',3,38,'12 tubs x 500g',8.00,100,30,20,0),(50,'Oat Milk',40,44,'12 cartons x 1L',5.00,180,40,25,0),(51,'Organic Brown Rice',23,21,'20 bags x 1kg',6.00,300,50,30,0),(52,'Frozen Green Beans',10,11,'12 packs x 1kg',5.00,200,40,20,0),(53,'Pineapple Juice',1,1,'12 bottles x 1L',10.00,150,40,20,0),(54,'Lemonade',1,36,'24 bottles x 500ml',8.00,200,50,30,0),(55,'Frozen Strawberries',10,10,'12 packs x 500g',9.00,150,30,20,0),(56,'Sunflower Seeds',24,24,'20 packs x 200g',7.00,100,20,15,0),(57,'Organic Oatmeal',7,6,'12 packs x 500g',4.50,250,60,30,0),(58,'Almond Flour',17,17,'12 packs x 500g',12.00,100,20,10,0),(59,'Tomato Paste',18,18,'24 cans x 200g',3.00,200,40,20,0),(60,'Vegetable Broth',19,19,'12 cartons x 1L',5.00,150,30,20,0),(61,'Olive Oil',27,26,'12 bottles x 750ml',18.00,100,40,20,0),(62,'Pasta Sauce',26,26,'12 jars x 500ml',6.00,120,30,20,0),(63,'Canned Tomatoes',13,18,'24 cans x 400g',2.50,300,50,30,0),(64,'Maple Syrup',29,26,'12 bottles x 500ml',15.00,80,20,15,0),(65,'Quinoa Chips',9,9,'30 packs x 150g',4.50,120,40,20,0),(66,'Rice Cakes',35,30,'20 packs',3.00,200,50,25,0),(67,'Organic Almonds',24,24,'20 packs x 200g',14.00,120,30,20,0),(68,'Sunflower Oil',27,26,'12 bottles x 1L',10.00,100,40,20,0),(69,'Organic Pasta',12,22,'24 packs x 500g',5.00,180,40,25,0),(70,'Hazelnut Spread',25,25,'12 jars x 500g',7.50,120,30,20,0),(71,'Coconut Water',41,36,'12 bottles x 500ml',12.00,100,30,20,0),(72,'Organic Salsa',32,32,'12 jars x 500ml',6.50,150,40,20,0),(73,'Whole Grain Bread',4,12,'20 loaves',3.50,150,30,20,0),(74,'Ranch Dressing',14,27,'12 bottles x 500ml',4.00,150,30,20,0),(75,'Gourmet Mustard',14,2,'12 jars x 300g',5.00,120,30,20,0),(76,'Vegan Mayo',14,25,'12 jars x 500g',6.00,100,20,15,0),(77,'Fruit & Nut Bars',9,9,'30 bars',15.00,200,50,30,0),(78,'Kale Chips',9,9,'30 packs x 100g',5.00,120,30,20,0),(79,'Frozen Blueberries',10,10,'12 packs x 500g',8.00,150,30,20,0),(80,'Tofu',45,45,'12 packs x 400g',4.00,150,30,20,0),(81,'Soy Sauce',14,2,'12 bottles x 500ml',3.50,120,40,25,0),(82,'Rice Vinegar',28,27,'12 bottles x 500ml',4.50,100,20,15,0),(83,'Coconut Flour',17,17,'12 packs x 500g',6.50,100,20,10,0),(84,'Organic Pumpkin Seeds',24,24,'20 packs x 200g',8.50,150,30,20,0),(85,'Pita Bread',4,12,'20 packs x 300g',2.50,180,40,20,0),(86,'Trail Mix',24,24,'20 packs x 200g',10.00,120,30,20,0),(87,'Organic Chickpeas',13,21,'24 cans x 400g',3.00,300,50,30,0),(88,'Almond Snack Bars',9,9,'30 bars',20.00,100,30,20,0),(89,'Hazelnut Coffee',43,33,'12 packs x 250g',8.00,120,30,20,0),(90,'Organic Chicken Breast',6,15,'12 packs x 500g',12.00,100,30,20,0);
/*!40000 ALTER TABLE `products` ENABLE KEYS */;
UNLOCK TABLES;

--
-- Table structure for table `shippers`
--

DROP TABLE IF EXISTS `shippers`;
/*!40101 SET @saved_cs_client     = @@character_set_client */;
/*!50503 SET character_set_client = utf8mb4 */;
CREATE TABLE `shippers` (
  `ShipperID` int NOT NULL AUTO_INCREMENT,
  `ShipperName` varchar(150) NOT NULL,
  `Phone` varchar(20) DEFAULT NULL,
  PRIMARY KEY (`ShipperID`)
) ENGINE=InnoDB AUTO_INCREMENT=50 DEFAULT CHARSET=utf8mb4 COLLATE=utf8mb4_0900_ai_ci;
/*!40101 SET character_set_client = @saved_cs_client */;

--
-- Dumping data for table `shippers`
--

LOCK TABLES `shippers` WRITE;
/*!40000 ALTER TABLE `shippers` DISABLE KEYS */;
INSERT INTO `shippers` VALUES (1,'United Parcel Service','800-742-5877'),(2,'FedEx','800-463-3339'),(3,'DHL Express','800-225-5345'),(4,'USPS','800-275-8777'),(5,'Amazon Logistics','888-280-4331'),(6,'TForce Logistics','866-465-3600'),(7,'XPO Logistics','844-742-5976'),(8,'UPS Freight','800-333-7400'),(9,'Purolator','888-744-7123'),(10,'Canada Post','866-607-6301'),(11,'OnTrac','800-334-5000'),(12,'Lasership','800-527-3764'),(13,'LTL Freight','888-488-3344'),(14,'SEKO Logistics','800-896-7747'),(15,'C.H. Robinson','800-326-9977'),(16,'Ceva Logistics','800-888-4949'),(17,'YRC Freight','800-610-6500'),(18,'Estes Express','866-378-3748'),(19,'Old Dominion','800-432-6335'),(20,'R&L Carriers','800-543-5589'),(21,'Saia LTL Freight','800-765-7242'),(22,'ABF Freight','800-610-5544'),(23,'Central Freight Lines','800-782-5036'),(24,'Southeastern Freight','800-637-7335'),(25,'AAA Cooper Transportation','800-633-7571'),(26,'Daylight Transport','800-468-9999'),(27,'Forward Air','800-726-6654'),(28,'Averitt Express','800-283-7488'),(29,'Roadrunner Transportation','800-831-0430'),(30,'Transport America','800-326-7100'),(31,'New Penn','800-950-5046'),(32,'Reddaway','888-420-8960'),(33,'Wilson Trucking','800-932-5100'),(34,'A. Duie Pyle','800-523-5020'),(35,'Ward Trucking','800-458-3625'),(36,'AAA Cooper','800-633-7571'),(37,'Southeastern Freight Lines','800-637-7335'),(38,'XPO Logistics Freight','844-742-5976'),(39,'FedEx Freight','800-463-3339'),(40,'Con-way Freight','800-755-2728'),(41,'Holland Freight','866-465-5263'),(42,'USF Holland','800-765-7233'),(43,'Estes Truckload Management','866-378-3748'),(44,'Saia Motor Freight','800-765-7242'),(45,'Central Transport','800-950-5046'),(46,'UPS Supply Chain Solutions','800-742-5877'),(47,'Old Dominion Freight Line','800-432-6335'),(48,'FedEx SmartPost','800-463-3339'),(49,'R&L Global Logistics','800-543-5589');
/*!40000 ALTER TABLE `shippers` ENABLE KEYS */;
UNLOCK TABLES;

--
-- Table structure for table `shipping`
--

DROP TABLE IF EXISTS `shipping`;
/*!40101 SET @saved_cs_client     = @@character_set_client */;
/*!50503 SET character_set_client = utf8mb4 */;
CREATE TABLE `shipping` (
  `ShippingID` int NOT NULL AUTO_INCREMENT,
  `OrderID` int DEFAULT NULL,
  `ShipperID` int DEFAULT NULL,
  `ShipDate` datetime NOT NULL,
  PRIMARY KEY (`ShippingID`),
  KEY `OrderID` (`OrderID`),
  KEY `ShipperID` (`ShipperID`),
  CONSTRAINT `shipping_ibfk_1` FOREIGN KEY (`OrderID`) REFERENCES `orders` (`OrderID`),
  CONSTRAINT `shipping_ibfk_2` FOREIGN KEY (`ShipperID`) REFERENCES `shippers` (`ShipperID`)
) ENGINE=InnoDB AUTO_INCREMENT=150 DEFAULT CHARSET=utf8mb4 COLLATE=utf8mb4_0900_ai_ci;
/*!40101 SET character_set_client = @saved_cs_client */;

--
-- Dumping data for table `shipping`
--

LOCK TABLES `shipping` WRITE;
/*!40000 ALTER TABLE `shipping` DISABLE KEYS */;
INSERT INTO `shipping` VALUES (101,201,1,'2024-01-06 10:00:00'),(102,202,2,'2024-01-07 11:00:00'),(103,203,3,'2024-01-08 12:00:00'),(104,204,4,'2024-01-09 13:00:00'),(105,205,5,'2024-01-10 14:00:00'),(106,206,6,'2024-01-11 15:00:00'),(107,207,7,'2024-01-12 16:00:00'),(108,208,8,'2024-01-13 17:00:00'),(109,209,9,'2024-01-14 18:00:00'),(110,210,10,'2024-01-15 09:00:00'),(111,211,11,'2024-01-16 10:00:00'),(112,212,12,'2024-01-17 11:00:00'),(113,213,13,'2024-01-18 12:00:00'),(114,214,14,'2024-01-19 13:00:00'),(115,215,15,'2024-01-20 14:00:00'),(116,216,16,'2024-01-21 15:00:00'),(117,217,17,'2024-01-22 16:00:00'),(118,218,18,'2024-01-23 17:00:00'),(119,219,19,'2024-01-24 18:00:00'),(120,220,20,'2024-01-25 09:00:00'),(121,221,21,'2024-01-26 10:00:00'),(122,222,22,'2024-01-27 11:00:00'),(123,223,23,'2024-01-28 12:00:00'),(124,224,24,'2024-01-29 13:00:00'),(125,225,25,'2024-01-30 14:00:00'),(126,226,26,'2024-01-31 15:00:00'),(127,227,27,'2024-02-01 16:00:00'),(128,228,28,'2024-02-02 17:00:00'),(129,229,29,'2024-02-03 18:00:00'),(130,230,30,'2024-02-04 09:00:00'),(131,231,31,'2024-02-05 10:00:00'),(132,232,32,'2024-02-06 11:00:00'),(133,233,33,'2024-02-07 12:00:00'),(134,234,34,'2024-02-08 13:00:00'),(135,235,35,'2024-02-09 14:00:00'),(136,236,36,'2024-02-10 15:00:00'),(137,237,37,'2024-02-11 16:00:00'),(138,238,38,'2024-02-12 17:00:00'),(139,239,39,'2024-02-13 18:00:00'),(140,240,40,'2024-02-14 09:00:00'),(141,241,41,'2024-02-15 10:00:00'),(142,242,42,'2024-02-16 11:00:00'),(143,243,43,'2024-02-17 12:00:00'),(144,244,44,'2024-02-18 13:00:00'),(145,245,45,'2024-02-19 14:00:00'),(146,246,46,'2024-02-20 15:00:00'),(147,247,47,'2024-02-21 16:00:00'),(148,248,48,'2024-02-22 17:00:00'),(149,249,49,'2024-02-23 18:00:00');
/*!40000 ALTER TABLE `shipping` ENABLE KEYS */;
UNLOCK TABLES;

--
-- Table structure for table `suppliers`
--

DROP TABLE IF EXISTS `suppliers`;
/*!40101 SET @saved_cs_client     = @@character_set_client */;
/*!50503 SET character_set_client = utf8mb4 */;
CREATE TABLE `suppliers` (
  `SupplierID` int NOT NULL AUTO_INCREMENT,
  `SupplierName` varchar(150) NOT NULL,
  `ContactName` varchar(100) DEFAULT NULL,
  `ContactTitle` varchar(50) DEFAULT NULL,
  `Address` varchar(250) DEFAULT NULL,
  `City` varchar(100) DEFAULT NULL,
  `PostalCode` varchar(20) DEFAULT NULL,
  `Country` varchar(50) DEFAULT NULL,
  `Phone` varchar(20) DEFAULT NULL,
  `Email` varchar(100) DEFAULT NULL,
  PRIMARY KEY (`SupplierID`)
) ENGINE=InnoDB AUTO_INCREMENT=94 DEFAULT CHARSET=utf8mb4 COLLATE=utf8mb4_0900_ai_ci;
/*!40101 SET character_set_client = @saved_cs_client */;

--
-- Dumping data for table `suppliers`
--

LOCK TABLES `suppliers` WRITE;
/*!40000 ALTER TABLE `suppliers` DISABLE KEYS */;
INSERT INTO `suppliers` VALUES (1,'Global Beverages Inc.','John Smith','Purchasing Manager','123 Beverage St.','New York','10001','USA','(212) 555-1234','john.smith@globalbeverages.com'),(2,'Sauce Masters Ltd.','Mary Johnson','Sales Manager','456 Sauce Ave.','Chicago','60601','USA','(312) 555-5678','mary.johnson@saucemasters.com'),(3,'Dairy World','James Brown','Product Manager','789 Dairy Rd.','Los Angeles','90001','USA','(323) 555-7890','james.brown@dairyworld.com'),(4,'Grain Harvesters','Patricia Taylor','Marketing Director','101 Grain Ln.','Dallas','75201','USA','(214) 555-1010','patricia.taylor@grainharvesters.com'),(5,'Fresh Produce Co.','Robert Jones','Supply Chain Manager','202 Produce Blvd.','San Francisco','94101','USA','(415) 555-2020','robert.jones@freshproduce.com'),(6,'Meat & Poultry Partners','Jennifer Davis','Operations Manager','303 Meat St.','Houston','77001','USA','(713) 555-3030','jennifer.davis@meatpartners.com'),(7,'Ocean Catchers','Michael Wilson','Logistics Manager','404 Seafood Dr.','Miami','33101','USA','(305) 555-4040','michael.wilson@oceancatchers.com'),(8,'Sweet Treats Inc.','Linda Martinez','Sales Director','505 Confections Pl.','Atlanta','30301','USA','(404) 555-5050','linda.martinez@sweettreats.com'),(9,'Snack Time Ltd.','William Anderson','Procurement Manager','606 Snacks Ln.','Boston','02101','USA','(617) 555-6060','william.anderson@snacktime.com'),(10,'Frozen Foods Suppliers','Elizabeth Thomas','Product Director','707 Frozen Dr.','Seattle','98101','USA','(206) 555-7070','elizabeth.thomas@frozenfoods.com'),(11,'Baked Delights Co.','David Jackson','Category Manager','808 Bakery St.','Portland','97201','USA','(503) 555-8080','david.jackson@bakedelights.com'),(12,'Canned Goods Inc.','Barbara White','Account Manager','909 Canned St.','Denver','80201','USA','(303) 555-9090','barbara.white@cannedgoods.com'),(13,'Personal Care Essentials','Richard Harris','Sales Executive','1010 Care Ln.','Philadelphia','19101','USA','(215) 555-1010','richard.harris@careessentials.com'),(14,'Household Necessities Ltd.','Susan Clark','Marketing Manager','1111 Household Dr.','Phoenix','85001','USA','(602) 555-1111','susan.clark@householdnecessities.com'),(15,'Pet Products International','Joseph Lewis','Operations Director','1212 Pet Ln.','San Diego','92101','USA','(619) 555-1212','joseph.lewis@petproducts.com'),(16,'Baby World Suppliers','Jessica Lee','Purchasing Director','1313 Baby St.','Las Vegas','89101','USA','(702) 555-1313','jessica.lee@babyworld.com'),(17,'Baking Supplies Inc.','Daniel Walker','Product Executive','1414 Baking Ln.','Austin','73301','USA','(512) 555-1414','daniel.walker@bakingsupplies.com'),(18,'Health Foods Ltd.','Sarah Hall','Category Manager','1515 Health St.','Nashville','37201','USA','(615) 555-1515','sarah.hall@healthfoods.com'),(19,'Wine & Spirits Suppliers','Charles Allen','Account Manager','1616 Wine Blvd.','Orlando','32801','USA','(407) 555-1616','charles.allen@winespirits.com'),(20,'Organic Foods Inc.','Nancy Young','Sales Director','1717 Organic Ln.','Charlotte','28201','USA','(704) 555-1717','nancy.young@organicfoods.com'),(21,'International Cuisine Ltd.','Steven King','Supply Chain Director','1818 World St.','Raleigh','27601','USA','(919) 555-1818','steven.king@intlcuisine.com'),(22,'Artisan Pasta Co.','Karen Wright','Product Manager','1919 Pasta Rd.','Richmond','23201','USA','(804) 555-1919','karen.wright@artisanpasta.com'),(23,'Rice & Grains Ltd.','Paul Adams','Category Director','2020 Grain St.','New Orleans','70101','USA','(504) 555-2020','paul.adams@ricegrains.com'),(24,'Spice World Suppliers','Sandra Nelson','Sales Executive','2121 Spice Ln.','Memphis','38101','USA','(901) 555-2121','sandra.nelson@spiceworld.com'),(25,'Nut & Dried Fruit Co.','Mark Carter','Purchasing Manager','2222 Nut Blvd.','Cleveland','44101','USA','(216) 555-2222','mark.carter@nutfruit.com'),(26,'Oil & Vinegar Masters','Jennifer Mitchell','Sales Manager','2323 Oil Rd.','Indianapolis','46201','USA','(317) 555-2323','jennifer.mitchell@oilvinegar.com'),(27,'Sauce Savvy Inc.','Thomas Perez','Category Manager','2424 Sauce St.','Columbus','43201','USA','(614) 555-2424','thomas.perez@saucesavvy.com'),(28,'Salad Essentials Co.','Laura Roberts','Product Director','2525 Salad Blvd.','Fort Worth','76101','USA','(817) 555-2525','laura.roberts@saladessentials.com'),(29,'Meal Kits Ltd.','Anthony Edwards','Marketing Manager','2626 Meal Ln.','El Paso','79901','USA','(915) 555-2626','anthony.edwards@mealkits.com'),(30,'Jerky Masters','Christopher Collins','Sales Executive','2727 Jerky Rd.','Milwaukee','53201','USA','(414) 555-2727','christopher.collins@jerkymasters.com'),(31,'Cracker World Inc.','Margaret Turner','Product Executive','2828 Cracker St.','Kansas City','64101','USA','(816) 555-2828','margaret.turner@crackerworld.com'),(32,'Cookie Heaven Ltd.','Matthew Phillips','Purchasing Manager','2929 Cookie Blvd.','Oklahoma City','73101','USA','(405) 555-2929','matthew.phillips@cookieheaven.com'),(33,'Candy Delight Inc.','Lisa Campbell','Category Manager','3030 Candy Ln.','Albuquerque','87101','USA','(505) 555-3030','lisa.campbell@candydelight.com'),(34,'Tea & Coffee World','Joshua Parker','Sales Manager','3131 Brew St.','Birmingham','35201','USA','(205) 555-3131','joshua.parker@teacoffeeworld.com'),(35,'Water & Wellness Co.','Betty Evans','Marketing Manager','3232 Water Blvd.','Jacksonville','32201','USA','(904) 555-3232','betty.evans@waterwellness.com'),(36,'Energy Drink Suppliers','Dorothy Rivera','Operations Director','3333 Energy Ln.','San Antonio','78201','USA','(210) 555-3333','dorothy.rivera@energydrinks.com'),(37,'Juice Express Inc.','Jason Diaz','Logistics Manager','3434 Juice St.','San Jose','95101','USA','(408) 555-3434','jason.diaz@juiceexpress.com'),(38,'Alternative Milks Ltd.','Helen Hughes','Sales Executive','3535 Milk Blvd.','Detroit','48201','USA','(313) 555-3535','helen.hughes@alternativemilks.com'),(39,'Cheese & More Co.','Brian Jenkins','Product Director','3636 Cheese Ln.','San Francisco','94101','USA','(415) 555-3636','brian.jenkins@cheesemore.com'),(40,'Yogurt Delights','Nancy Perry','Procurement Manager','3737 Yogurt St.','Charlotte','28201','USA','(704) 555-3737','nancy.perry@yogurtdelights.com'),(41,'Butter & Spread Co.','George Foster','Operations Manager','3838 Butter Rd.','Indianapolis','46201','USA','(317) 555-3838','george.foster@butterspread.com'),(42,'Frozen Desserts Ltd.','Sandra Powell','Sales Director','3939 Frozen Ln.','Phoenix','85001','USA','(602) 555-3939','sandra.powell@frozendesserts.com'),(43,'Prepared Salads Inc.','Frank Russell','Product Manager','4040 Salad St.','Seattle','98101','USA','(206) 555-4040','frank.russell@preparedsalads.com'),(44,'Sandwich Masters','Pamela Brooks','Marketing Director','4141 Sandwich Blvd.','Boston','02101','USA','(617) 555-4141','pamela.brooks@sandwichmasters.com'),(45,'Instant Noodles Co.','Johnny Ellis','Category Manager','4242 Noodle Ln.','Baltimore','21201','USA','(410) 555-4242','johnny.ellis@instantnoodles.com'),(46,'Green Valley Farms','Alice Green','Farm Manager','500 Green Rd.','Boulder','80301','USA','(303) 555-5000','alice.green@greenvalleyfarms.com'),(47,'Sunshine Dairy','Kevin Moore','Dairy Manager','510 Sunshine Blvd.','Boise','83701','USA','(208) 555-5100','kevin.moore@sunshinedairy.com'),(48,'Harvest Moon Organics','Deborah Price','Operations Manager','520 Harvest Ln.','Des Moines','50301','USA','(515) 555-5200','deborah.price@harvestmoonorganics.com'),(49,'Blue Mountain Coffee Co.','Charles Knight','Purchasing Director','530 Coffee St.','Asheville','28801','USA','(828) 555-5300','charles.knight@bluemountaincoffee.com'),(50,'Ocean Breeze Seafood','Rachel Fisher','Supply Chain Manager','540 Ocean Dr.','Virginia Beach','23451','USA','(757) 555-5400','rachel.fisher@oceanbreezeseafood.com'),(51,'Sunny Farms Produce','Michael Black','Product Manager','550 Farm Rd.','Fresno','93701','USA','(559) 555-5500','michael.black@sunnyfarms.com'),(52,'Sweetwater Bakery','Emily Baker','Head Baker','560 Sweetwater Ln.','Madison','53701','USA','(608) 555-5600','emily.baker@sweetwaterbakery.com'),(53,'Horizon Spirits','Thomas Coleman','Marketing Director','570 Spirits Blvd.','Louisville','40201','USA','(502) 555-5700','thomas.coleman@horizonspirits.com'),(54,'Artisan Cheese Co.','Samantha White','Cheese Specialist','580 Artisan Way','Vermont','05601','USA','(802) 555-5800','samantha.white@artisancheese.com'),(55,'Wild Harvest Foods','Eric Young','Sales Manager','590 Harvest Rd.','Missoula','59801','USA','(406) 555-5900','eric.young@wildharvest.com'),(56,'Golden Grain Mills','Amanda Howard','Mill Manager','600 Grain St.','Wichita','67201','USA','(316) 555-6000','amanda.howard@goldengrainmills.com'),(57,'Northern Delights','Gregory Hill','Procurement Manager','610 Northern Rd.','Duluth','55801','USA','(218) 555-6100','gregory.hill@northerndelights.com'),(58,'Southern Comfort Foods','Laura Reed','Category Manager','620 Comfort Ln.','Savannah','31401','USA','(912) 555-6200','laura.reed@southerncomfortfoods.com'),(59,'Eastern Spices Co.','Adam Turner','Spice Specialist','630 Spice Blvd.','Richmond','23201','USA','(804) 555-6300','adam.turner@easternspices.com'),(60,'Western Wine Distributors','Rebecca Mitchell','Sales Executive','640 Wine Dr.','Napa','94501','USA','(707) 555-6400','rebecca.mitchell@westernwine.com'),(61,'Pacific Coast Seafood','Brian Adams','Supply Chain Director','650 Pacific Blvd.','San Diego','92101','USA','(619) 555-6500','brian.adams@pacificcoastseafood.com'),(62,'Timberland Beef','Jessica Brooks','Operations Manager','660 Timberland Ln.','Eugene','97401','USA','(541) 555-6600','jessica.brooks@timberlandbeef.com'),(63,'Mountain Valley Dairy','John Harris','Dairy Specialist','670 Dairy Rd.','Burlington','05401','USA','(802) 555-6700','john.harris@mountainvalleydairy.com'),(64,'Pure Spring Water Co.','Karen Wood','Water Specialist','680 Spring St.','Buffalo','14201','USA','(716) 555-6800','karen.wood@purespringwater.com'),(65,'Grand Harvest Winery','Matthew Bell','Wine Specialist','690 Harvest Dr.','Charlottesville','22901','USA','(434) 555-6900','matthew.bell@grandharvestwinery.com'),(66,'Wholesome Grains Inc.','Angela Walker','Sales Director','700 Grain Ln.','Minneapolis','55401','USA','(612) 555-7000','angela.walker@wholesomegrains.com'),(67,'Savory Delights','Justin Scott','Category Manager','710 Savory St.','Charleston','29401','USA','(843) 555-7100','justin.scott@savorydelights.com'),(68,'Peak Produce Ltd.','Stephanie Young','Procurement Manager','720 Peak Rd.','Boulder','80301','USA','(303) 555-7200','stephanie.young@peakproduce.com'),(69,'Craft Brew Co.','Jason Lee','Brew Master','730 Brew Blvd.','Portland','97201','USA','(503) 555-7300','jason.lee@craftbrewco.com'),(70,'Fresh Fields Organic','Emily Green','Organic Specialist','740 Fields Rd.','Eugene','97401','USA','(541) 555-7400','emily.green@freshfields.com'),(71,'Orchard Valley Farms','Benjamin Brown','Operations Manager','750 Orchard Ln.','Spokane','99201','USA','(509) 555-7500','benjamin.brown@orchardvalleyfarms.com'),(72,'Sunset Seafood','Victoria White','Seafood Specialist','760 Sunset Dr.','Tampa','33601','USA','(813) 555-7600','victoria.white@sunsetseafood.com'),(73,'Golden Farms Dairy','Andrew King','Dairy Manager','770 Golden Rd.','Sacramento','94203','USA','(916) 555-7700','andrew.king@goldenfarms.com'),(74,'Canyon River Wines','Julia Thompson','Sales Director','780 Canyon St.','Reno','89501','USA','(775) 555-7800','julia.thompson@canyonriverwines.com'),(75,'Blue Ridge Beef','Daniel Robinson','Category Manager','790 Ridge Ln.','Roanoke','24001','USA','(540) 555-7900','daniel.robinson@blueridgebeef.com'),(76,'Golden Valley Grains','Jennifer White','Grain Specialist','800 Valley Blvd.','Omaha','68101','USA','(402) 555-8000','jennifer.white@goldenvalleygrains.com'),(77,'Rocky Mountain Dairy','Paul Hall','Operations Manager','810 Rocky Rd.','Denver','80201','USA','(303) 555-8100','paul.hall@rockymountaindairy.com'),(78,'Evergreen Produce','Ashley Lewis','Produce Manager','820 Evergreen Ln.','Seattle','98101','USA','(206) 555-8200','ashley.lewis@evergreenproduce.com'),(79,'Clear Water Co.','Thomas Allen','Water Specialist','830 Clear St.','Orlando','32801','USA','(407) 555-8300','thomas.allen@clearwater.com'),(80,'Sunset Valley Farms','Linda Harris','Operations Manager','840 Sunset Ln.','Salt Lake City','84101','USA','(801) 555-8400','linda.harris@sunsetvalleyfarms.com'),(81,'Mountain Peak Coffee','Charles Martin','Coffee Specialist','850 Peak Rd.','Flagstaff','86001','USA','(928) 555-8500','charles.martin@mountainpeakcoffee.com'),(82,'Golden Grain Bakery','Patricia Nelson','Head Baker','860 Grain Blvd.','St. Louis','63101','USA','(314) 555-8600','patricia.nelson@goldengrainbakery.com'),(83,'River Bend Winery','Steven Carter','Sales Manager','870 River Rd.','Austin','73301','USA','(512) 555-8700','steven.carter@riverbendwinery.com'),(84,'Orchard Lane Farms','Jennifer Lewis','Produce Manager','880 Orchard St.','Cincinnati','45201','USA','(513) 555-8800','jennifer.lewis@orchardlanefarms.com'),(85,'Sunrise Farms Dairy','Joseph Allen','Dairy Specialist','890 Sunrise Blvd.','San Francisco','94101','USA','(415) 555-8900','joseph.allen@sunrisefarms.com'),(86,'Golden Gate Produce','Sandra Rodriguez','Operations Manager','900 Golden Ln.','San Francisco','94101','USA','(415) 555-9000','sandra.rodriguez@goldengateproduce.com'),(87,'Valley View Wines','George Young','Wine Specialist','910 Valley Rd.','Napa','94501','USA','(707) 555-9100','george.young@valleyviewwines.com'),(88,'Maple Hill Farms','Nancy Mitchell','Produce Specialist','920 Maple St.','Hartford','06101','USA','(860) 555-9200','nancy.mitchell@maplehillfarms.com'),(89,'Silver Lake Dairy','Robert Edwards','Dairy Manager','930 Lake Blvd.','Rochester','55901','USA','(507) 555-9300','robert.edwards@silverlakedairy.com'),(90,'Cedar Valley Produce','Barbara Cook','Operations Manager','940 Cedar Ln.','Boise','83701','USA','(208) 555-9400','barbara.cook@cedarvalleyproduce.com'),(91,'Sierra Mountain Coffee','Richard Brown','Coffee Manager','950 Sierra Rd.','Fresno','93701','USA','(559) 555-9500','richard.brown@sierracoffee.com'),(92,'Golden State Winery','Margaret Johnson','Wine Specialist','960 Winery Blvd.','Sonoma','95401','USA','(707) 555-9600','margaret.johnson@goldenstatewinery.com'),(93,'Crystal Springs Water Co.','Jessica Williams','Water Specialist','970 Crystal St.','Las Vegas','89101','USA','(702) 555-9700','jessica.williams@crystalsprings.com');
/*!40000 ALTER TABLE `suppliers` ENABLE KEYS */;
UNLOCK TABLES;
/*!40103 SET TIME_ZONE=@OLD_TIME_ZONE */;

/*!40101 SET SQL_MODE=@OLD_SQL_MODE */;
/*!40014 SET FOREIGN_KEY_CHECKS=@OLD_FOREIGN_KEY_CHECKS */;
/*!40014 SET UNIQUE_CHECKS=@OLD_UNIQUE_CHECKS */;
/*!40101 SET CHARACTER_SET_CLIENT=@OLD_CHARACTER_SET_CLIENT */;
/*!40101 SET CHARACTER_SET_RESULTS=@OLD_CHARACTER_SET_RESULTS */;
/*!40101 SET COLLATION_CONNECTION=@OLD_COLLATION_CONNECTION */;
/*!40111 SET SQL_NOTES=@OLD_SQL_NOTES */;

-- Dump completed on 2024-08-11 17:50:29
